,06/09/2026,,,,07/09/2026,,,,08/09/2026,,,,09/09/2026,,,,10/09/2026,,,,11/09/2026,,,,12/09/2026,,,
יום,ראשון,,,,שני,,,,שלישי,,,,רביעי,,,,חמישי,,,,שישי,,,,שבת,,,
משמרת,בוקר,ערב,לילה,כונן,בוקר,ערב,לילה,כונן,בוקר,ערב,לילה,כונן,בוקר,ערב,לילה,כונן,בוקר,ערב,לילה,כונן,בוקר,ערב,לילה,כונן,בוקר,ערב,לילה,כונן
עובד 1,✔️,✔️,⭐,,✔️,✔️,,,✔️,,,✔️,✔️,✔️,✔️,,✔️,✔️,,,✔️,⭐,,,✔️,,,✔️
עובד 2,,✔️,,✔️,✔️,✔️,✔️,,✔️,✔️,,,,✔️,,✔️,✔️,✔️,,,,✔️,✔️,,,✔️,,⭐
עובד 3,✔️,,,,✔️,✔️,⭐,,✔️,✔️,,✔️,✔️,,✔️,,✔️,✔️,,,✔️,,,✔️,✔️,✔️,,
עובד 4,✔️,✔️,,,✔️,⭐,,✔️,,✔️,✔️,,✔️,✔️,,,✔️,,⭐,✔️,✔️,✔️,,,,✔️,✔️,
עובד 5,שמירה על הילדים,✔️,✔️,,,✔️,,✔️,✔️,✔️,⭐,,,✔️,,,✔️,✔️,✔️,,,,,✔️,✔️,✔️,⭐,
עובד 6,✔️,,,✔️,✔️,✔️,,,✔️,,,,✔️,✔️,,⭐,✔️,,,✔️,⭐,✔️,,,✔️,,✔️,
עובד 7,,⭐,,,,✔️,,,,✔️,✔️,,,✔️,,,,✔️,,✔️,,✔️,✔️,,,⭐,,✔️
